{"swagger": "2.0", "basePath": "/api", "paths": {"/activity/create": {"parameters": [{"description": "activity name", "name": "name", "type": "string", "in": "query"}, {"description": "activity description", "name": "description", "type": "string", "in": "query"}, {"description": "message", "name": "default_notification_msg", "type": "string", "in": "query"}, {"description": "True/ False", "name": "is_active", "type": "string", "in": "query"}], "post": {"responses": {"200": {"description": "Success"}}, "operationId": "post_activity_create", "tags": ["activity"]}}, "/activity/delete/{activity_id}": {"parameters": [{"name": "activity_id", "in": "path", "required": true, "type": "integer"}], "delete": {"responses": {"200": {"description": "Success"}}, "operationId": "delete_activity_delete", "tags": ["activity"]}}, "/activity/fetch/all": {"get": {"responses": {"200": {"description": "Success"}}, "operationId": "get_activity_fetch", "tags": ["activity"]}}, "/activity/fetch/by-id/{activity_id}": {"parameters": [{"name": "activity_id", "in": "path", "required": true, "type": "integer"}], "get": {"responses": {"200": {"description": "Success"}}, "operationId": "get_activity_fetch_by_id", "tags": ["activity"]}}, "/activity/update": {"parameters": [{"description": "activity ID", "name": "activity_id", "type": "string", "in": "query"}, {"description": "activity name", "name": "name", "type": "string", "in": "query"}, {"description": "activity description", "name": "description", "type": "string", "in": "query"}, {"description": "message", "name": "default_notification_msg", "type": "string", "in": "query"}, {"description": "True/ False", "name": "is_active", "type": "string", "in": "query"}, {"description": "data updated person", "name": "updated_by", "type": "string", "in": "query"}], "put": {"responses": {"200": {"description": "Success"}}, "operationId": "put_activity_update", "tags": ["activity"]}}, "/activity_rule/delete/{activity_rule_id}": {"parameters": [{"name": "activity_rule_id", "in": "path", "required": true, "type": "integer"}], "delete": {"responses": {"200": {"description": "Success"}}, "operationId": "delete_activity_rule_delete", "tags": ["activity_rule"]}}, "/activity_rule/fetch/all": {"get": {"responses": {"200": {"description": "Success"}}, "operationId": "get_activity_rule_fetch", "tags": ["activity_rule"]}}, "/activity_rule/fetch/by-id/{activity_rule_id}": {"parameters": [{"name": "activity_rule_id", "in": "path", "required": true, "type": "integer"}], "get": {"responses": {"200": {"description": "Success"}}, "operationId": "get_activity_rule_fetch_by_id", "tags": ["activity_rule"]}}, "/activity_rule/update": {"parameters": [{"description": "row id", "name": "activity_rule_id", "type": "string", "in": "query"}, {"description": "low", "name": "severity", "type": "string", "in": "query"}, {"description": "False", "name": "default_notification", "type": "string", "in": "query"}, {"description": "False", "name": "sms_alert", "type": "string", "in": "query"}, {"description": "False", "name": "open_as_pop_up", "type": "string", "in": "query"}, {"description": "1", "name": "zone_id", "type": "string", "in": "query"}], "put": {"responses": {"200": {"description": "Success"}}, "operationId": "put_activity_rule_update", "tags": ["activity_rule"]}}, "/activity_rule_user/create": {"parameters": [{"description": "1", "name": "activity_rule_id", "type": "string", "in": "query"}, {"description": "2", "name": "user_id", "type": "string", "in": "query"}], "post": {"responses": {"200": {"description": "Success"}}, "operationId": "post_activity_rule_user_create", "tags": ["activity_rule_user"]}}, "/activity_rule_user/delete/{activity_rule_user_id}": {"parameters": [{"name": "activity_rule_user_id", "in": "path", "required": true, "type": "integer"}], "delete": {"responses": {"200": {"description": "Success"}}, "operationId": "delete_activity_rule_user_delete", "tags": ["activity_rule_user"]}}, "/activity_rule_user/fetch/all": {"get": {"responses": {"200": {"description": "Success"}}, "operationId": "get_activity_rule_user_fetch", "tags": ["activity_rule_user"]}}, "/activity_rule_user/fetch/by-id/{activity_rule_user_id}": {"parameters": [{"name": "activity_rule_user_id", "in": "path", "required": true, "type": "integer"}], "get": {"responses": {"200": {"description": "Success"}}, "operationId": "get_activity_rule_user_fetch_by_id", "tags": ["activity_rule_user"]}}, "/activity_rule_user/update": {"parameters": [{"description": "row id", "name": "activity_rule_users_id", "type": "string", "in": "query"}, {"description": "1", "name": "activity_rule_id", "type": "string", "in": "query"}, {"description": "2", "name": "user_id", "type": "string", "in": "query"}], "put": {"responses": {"200": {"description": "Success"}}, "operationId": "put_activity_rule_user_update", "tags": ["activity_rule_user"]}}, "/camera/create": {"parameters": [{"description": "Camera name", "name": "name", "type": "string", "in": "query"}, {"description": "192.186.0.0", "name": "ipaddress", "type": "string", "in": "query"}, {"description": "192.168.0.1", "name": "nvrip", "type": "string", "in": "query"}, {"description": "Bangalore", "name": "location", "type": "string", "in": "query"}, {"description": "1", "name": "unit_id", "type": "string", "in": "query"}, {"description": "kafka topic name", "name": "topic_name", "type": "string", "in": "query"}, {"description": "kafka output topic", "name": "output_topic_name", "type": "string", "in": "query"}, {"description": "True/false", "name": "is_active", "type": "string", "in": "query"}], "post": {"responses": {"200": {"description": "Success"}}, "operationId": "post_camera_create", "tags": ["camera"]}}, "/camera/delete/{camera_id}": {"parameters": [{"name": "camera_id", "in": "path", "required": true, "type": "integer"}], "delete": {"responses": {"200": {"description": "Success"}}, "operationId": "delete_camera_delete", "tags": ["camera"]}}, "/camera/fetch/all": {"get": {"responses": {"200": {"description": "Success"}}, "operationId": "get_camera_fetch", "tags": ["camera"]}}, "/camera/fetch/by-id/{camera_id}": {"parameters": [{"name": "camera_id", "in": "path", "required": true, "type": "integer"}], "get": {"responses": {"200": {"description": "Success"}}, "operationId": "get_camera_fetch_by_id", "tags": ["camera"]}}, "/camera/update": {"parameters": [{"description": "row id", "name": "camera_id", "type": "string", "in": "query"}, {"description": "Camera name", "name": "name", "type": "string", "in": "query"}, {"description": "192.186.0.0", "name": "ipaddress", "type": "string", "in": "query"}, {"description": "192.168.0.1", "name": "nvrip", "type": "string", "in": "query"}, {"description": "Bangalore", "name": "location", "type": "string", "in": "query"}, {"description": "1", "name": "unit_id", "type": "string", "in": "query"}, {"description": "kafka topic name", "name": "topic_name", "type": "string", "in": "query"}, {"description": "kafka output topic", "name": "output_topic_name", "type": "string", "in": "query"}, {"description": "True/false", "name": "is_active", "type": "string", "in": "query"}], "put": {"responses": {"200": {"description": "Success"}}, "operationId": "put_camera_update", "tags": ["camera"]}}, "/custom_notification/create": {"parameters": [{"description": "1", "name": "activity_rule_id", "type": "string", "in": "query"}, {"description": "2", "name": "role_id", "type": "string", "in": "query"}, {"description": "1", "name": "notification_group_id", "type": "string", "in": "query"}, {"description": "notification message", "name": "message", "type": "string", "in": "query"}, {"description": "true/false", "name": "is_active", "type": "string", "in": "query"}], "post": {"responses": {"200": {"description": "Success"}}, "operationId": "post_custom_notification_create", "tags": ["custom_notification"]}}, "/custom_notification/delete/{custom_notification_id}": {"parameters": [{"name": "custom_notification_id", "in": "path", "required": true, "type": "integer"}], "delete": {"responses": {"200": {"description": "Success"}}, "operationId": "delete_custom_notification_delete", "tags": ["custom_notification"]}}, "/custom_notification/fetch/all": {"get": {"responses": {"200": {"description": "Success"}}, "operationId": "get_custom_notification_fetch", "tags": ["custom_notification"]}}, "/custom_notification/fetch/by-id/{custom_notification_id}": {"parameters": [{"name": "custom_notification_id", "in": "path", "required": true, "type": "integer"}], "get": {"responses": {"200": {"description": "Success"}}, "operationId": "get_custom_notification_fetch_by_id", "tags": ["custom_notification"]}}, "/custom_notification/update": {"parameters": [{"description": "row id", "name": "custom_notification_id", "type": "string", "in": "query"}, {"description": "2", "name": "activity_rule_id", "type": "string", "in": "query"}, {"description": "3", "name": "role_id", "type": "string", "in": "query"}, {"description": "5", "name": "notification_group_id", "type": "string", "in": "query"}, {"description": "updated notification message", "name": "message", "type": "string", "in": "query"}, {"description": "true/false", "name": "is_active", "type": "string", "in": "query"}], "put": {"responses": {"200": {"description": "Success"}}, "operationId": "put_custom_notification_update", "tags": ["custom_notification"]}}, "/designation/create": {"parameters": [{"description": "designation name", "name": "name", "type": "string", "in": "query"}], "post": {"responses": {"200": {"description": "Success"}}, "operationId": "post_designation_create", "tags": ["designation"]}}, "/designation/delete/{des_id}": {"parameters": [{"name": "des_id", "in": "path", "required": true, "type": "integer"}], "delete": {"responses": {"200": {"description": "Success"}}, "operationId": "delete_designation_delete", "tags": ["designation"]}}, "/designation/fetch/all": {"get": {"responses": {"200": {"description": "Success"}}, "operationId": "get_designation_fetch", "tags": ["designation"]}}, "/designation/fetch/by-id/{des_id}": {"parameters": [{"name": "des_id", "in": "path", "required": true, "type": "integer"}], "get": {"responses": {"200": {"description": "Success"}}, "operationId": "get_designation_fetch_by_id", "tags": ["designation"]}}, "/designation/update": {"parameters": [{"description": "row id", "name": "designation_id", "type": "string", "in": "query"}, {"description": "name", "name": "name", "type": "string", "in": "query"}], "put": {"responses": {"200": {"description": "Success"}}, "operationId": "put_designation_update", "tags": ["designation"]}}, "/employee_master/create": {"parameters": [{"description": "EmployeeMaster name", "name": "name", "type": "string", "in": "query"}, {"description": "employee ID", "name": "emp_id", "type": "string", "in": "query"}, {"description": "", "name": "unit_id", "type": "string", "in": "query"}, {"description": "", "name": "shift_id", "type": "string", "in": "query"}, {"description": "5678975334000", "name": "in_time", "type": "string", "in": "query"}, {"description": "5678432123000", "name": "out_time", "type": "string", "in": "query"}], "post": {"responses": {"200": {"description": "Success"}}, "operationId": "post_employee_master_create", "tags": ["employee_master"]}}, "/employee_master/delete/{employee_master_id}": {"parameters": [{"name": "employee_master_id", "in": "path", "required": true, "type": "integer"}], "delete": {"responses": {"200": {"description": "Success"}}, "operationId": "delete_employee_master_delete", "tags": ["employee_master"]}}, "/employee_master/exit/{emp_id}": {"parameters": [{"name": "emp_id", "in": "path", "required": true, "type": "string"}], "get": {"responses": {"200": {"description": "Success"}}, "operationId": "get_employee_master_out_time", "tags": ["employee_master"]}}, "/employee_master/fetch/all": {"get": {"responses": {"200": {"description": "Success"}}, "operationId": "get_employee_master_fetch", "tags": ["employee_master"]}}, "/employee_master/fetch/by-emp-id/{emp_id}": {"parameters": [{"name": "emp_id", "in": "path", "required": true, "type": "integer"}], "get": {"responses": {"200": {"description": "Success"}}, "operationId": "get_employee_master_fetch_by_id", "tags": ["employee_master"]}}, "/employee_master/fetch/by-id/{emp_master_id}": {"parameters": [{"name": "emp_master_id", "in": "path", "required": true, "type": "integer"}], "get": {"responses": {"200": {"description": "Success"}}, "operationId": "get_employee_master_fetch_by_id", "tags": ["employee_master"]}}, "/employee_master/update": {"parameters": [{"description": "1", "name": "emp_master_id", "type": "string", "in": "query"}, {"description": "EmployeeMaster name", "name": "name", "type": "string", "in": "query"}, {"description": "employee ID", "name": "emp_id", "type": "string", "in": "query"}, {"description": "", "name": "unit_id", "type": "string", "in": "query"}, {"description": "", "name": "shift_id", "type": "string", "in": "query"}, {"description": "true/false", "name": "is_authorised", "type": "string", "in": "query"}, {"description": "5678975334000", "name": "in_time", "type": "string", "in": "query"}, {"description": "5678432123000", "name": "out_time", "type": "string", "in": "query"}], "put": {"responses": {"200": {"description": "Success"}}, "operationId": "put_employee_master_update", "tags": ["employee_master"]}}, "/equipment/create": {"parameters": [{"description": "Equipment name", "name": "name", "type": "string", "in": "query"}, {"description": "unit id", "name": "unit_id", "type": "string", "in": "query"}, {"description": "description about the equipment", "name": "description", "type": "string", "in": "query"}, {"description": "true/false", "name": "is_active", "type": "string", "in": "query"}], "post": {"responses": {"200": {"description": "Success"}}, "operationId": "post_equipment_create", "tags": ["equipment"]}}, "/equipment/delete/{equip_id}": {"parameters": [{"name": "equip_id", "in": "path", "required": true, "type": "integer"}], "delete": {"responses": {"200": {"description": "Success"}}, "operationId": "delete_equipment_delete", "tags": ["equipment"]}}, "/equipment/fetch/all": {"get": {"responses": {"200": {"description": "Success"}}, "operationId": "get_equipment_fetch", "tags": ["equipment"]}}, "/equipment/fetch/by-id/{equip_id}": {"parameters": [{"name": "equip_id", "in": "path", "required": true, "type": "integer"}], "get": {"responses": {"200": {"description": "Success"}}, "operationId": "get_equipment_fetch_by_id", "tags": ["equipment"]}}, "/equipment/update": {"parameters": [{"description": "row id", "name": "equipment_id", "type": "string", "in": "query"}, {"description": "name", "name": "name", "type": "string", "in": "query"}, {"description": "unit id", "name": "unit_id", "type": "string", "in": "query"}, {"description": "description about the equipment", "name": "description", "type": "string", "in": "query"}, {"description": "true/false", "name": "is_active", "type": "string", "in": "query"}], "put": {"responses": {"200": {"description": "Success"}}, "operationId": "put_equipment_update", "tags": ["equipment"]}}, "/notification/create": {"parameters": [{"description": "1", "name": "zone_id", "type": "string", "in": "query"}, {"description": "2", "name": "camera_id", "type": "string", "in": "query"}, {"description": "high", "name": "severity", "type": "string", "in": "query"}, {"description": "2", "name": "custom_notification_id", "type": "string", "in": "query"}, {"description": "url path of the image/video", "name": "resource_url", "type": "string", "in": "query"}], "post": {"responses": {"200": {"description": "Success"}}, "operationId": "post_notification_create", "tags": ["notification"]}}, "/notification/delete/{notification_id}": {"parameters": [{"name": "notification_id", "in": "path", "required": true, "type": "integer"}], "delete": {"responses": {"200": {"description": "Success"}}, "operationId": "delete_notification_delete", "tags": ["notification"]}}, "/notification/fetch/all": {"get": {"responses": {"200": {"description": "Success"}}, "operationId": "get_notification_fetch", "tags": ["notification"]}}, "/notification/fetch/by-id/{notification_id}": {"parameters": [{"name": "notification_id", "in": "path", "required": true, "type": "integer"}], "get": {"responses": {"200": {"description": "Success"}}, "operationId": "get_notification_fetch_by_id", "tags": ["notification"]}}, "/notification/fetch/todays": {"get": {"responses": {"200": {"description": "Success"}}, "operationId": "get_todays_notification", "tags": ["notification"]}}, "/notification/update": {"parameters": [{"description": "row id", "name": "notification_id", "type": "string", "in": "query"}, {"description": "2", "name": "zone_id", "type": "string", "in": "query"}, {"description": "3", "name": "camera_id", "type": "string", "in": "query"}, {"description": "low", "name": "severity", "type": "string", "in": "query"}, {"description": "2", "name": "custom_notification_id", "type": "string", "in": "query"}, {"description": "alerted video or image snippet", "name": "resource_url", "type": "string", "in": "query"}], "put": {"responses": {"200": {"description": "Success"}}, "operationId": "put_notification_update", "tags": ["notification"]}}, "/notification/zone/notifications/{zone_id}": {"parameters": [{"name": "zone_id", "in": "path", "required": true, "type": "integer"}], "get": {"responses": {"200": {"description": "Success"}}, "operationId": "get_zone_notification", "tags": ["notification"]}}, "/notification_group/create": {"parameters": [{"description": "group name", "name": "name", "type": "string", "in": "query"}, {"description": "1", "name": "zone_id", "type": "string", "in": "query"}, {"description": "2", "name": "shift_id", "type": "string", "in": "query"}, {"description": "True", "name": "is_active", "type": "string", "in": "query"}, {"description": "[1, 2, 3, 4]", "name": "user_ids", "type": "string", "in": "query"}], "post": {"responses": {"200": {"description": "Success"}}, "operationId": "post_notification_group_create", "tags": ["notification_group"]}}, "/notification_group/delete/{notification_group_id}": {"parameters": [{"name": "notification_group_id", "in": "path", "required": true, "type": "integer"}], "delete": {"responses": {"200": {"description": "Success"}}, "operationId": "delete_notification_group_delete", "tags": ["notification_group"]}}, "/notification_group/fetch/all": {"get": {"responses": {"200": {"description": "Success"}}, "operationId": "get_notification_group_fetch", "tags": ["notification_group"]}}, "/notification_group/fetch/by-id/{notification_group_id}": {"parameters": [{"name": "notification_group_id", "in": "path", "required": true, "type": "integer"}], "get": {"responses": {"200": {"description": "Success"}}, "operationId": "get_notification_group_fetch_by_id", "tags": ["notification_group"]}}, "/notification_group/update": {"parameters": [{"description": "row id", "name": "notification_group_id", "type": "string", "in": "query"}, {"description": "updated group name", "name": "name", "type": "string", "in": "query"}, {"description": "2", "name": "zone_id", "type": "string", "in": "query"}, {"description": "2", "name": "shift_id", "type": "string", "in": "query"}, {"description": "true/false", "name": "is_active", "type": "string", "in": "query"}, {"description": "[1, 2, 4]", "name": "user_ids", "type": "string", "in": "query"}], "put": {"responses": {"200": {"description": "Success"}}, "operationId": "put_notification_group_update", "tags": ["notification_group"]}}, "/notification_status/create": {"parameters": [{"description": "1", "name": "notification_id", "type": "string", "in": "query"}, {"description": "read", "name": "status", "type": "string", "in": "query"}, {"description": "notification description", "name": "description", "type": "string", "in": "query"}], "post": {"responses": {"200": {"description": "Success"}}, "operationId": "post_notification_status_create", "tags": ["notification_status"]}}, "/notification_status/delete/{notification_status_id}": {"parameters": [{"name": "notification_status_id", "in": "path", "required": true, "type": "integer"}], "delete": {"responses": {"200": {"description": "Success"}}, "operationId": "delete_notification_status_delete", "tags": ["notification_status"]}}, "/notification_status/fetch/all": {"get": {"responses": {"200": {"description": "Success"}}, "operationId": "get_notification_status_fetch", "tags": ["notification_status"]}}, "/notification_status/fetch/by-id/{notification_status_id}": {"parameters": [{"name": "notification_status_id", "in": "path", "required": true, "type": "integer"}], "get": {"responses": {"200": {"description": "Success"}}, "operationId": "get_notification_status_fetch_by_id", "tags": ["notification_status"]}}, "/notification_user/create": {"parameters": [{"description": "1", "name": "notification_id", "type": "string", "in": "query"}, {"description": "1", "name": "user_id", "type": "string", "in": "query"}], "post": {"responses": {"200": {"description": "Success"}}, "operationId": "post_notification_user_create", "tags": ["notification_user"]}}, "/notification_user/delete/{notification_user_id}": {"parameters": [{"name": "notification_user_id", "in": "path", "required": true, "type": "integer"}], "delete": {"responses": {"200": {"description": "Success"}}, "operationId": "delete_notification_user_delete", "tags": ["notification_user"]}}, "/notification_user/fetch/all": {"get": {"responses": {"200": {"description": "Success"}}, "operationId": "get_notification_user_fetch", "tags": ["notification_user"]}}, "/notification_user/fetch/by-id/{notification_user_id}": {"parameters": [{"name": "notification_user_id", "in": "path", "required": true, "type": "integer"}], "get": {"responses": {"200": {"description": "Success"}}, "operationId": "get_notification_user_fetch_by_id", "tags": ["notification_user"]}}, "/notification_user/update": {"parameters": [{"description": "row id", "name": "notification_user_id", "type": "string", "in": "query"}, {"description": "id", "name": "notification_id", "type": "string", "in": "query"}, {"description": "user ID", "name": "user_id", "type": "string", "in": "query"}], "put": {"responses": {"200": {"description": "Success"}}, "operationId": "put_notification_user_update", "tags": ["notification_user"]}}, "/privilege/create": {"parameters": [{"description": "dashboard", "name": "name", "type": "string", "in": "query"}], "post": {"responses": {"200": {"description": "Success"}}, "operationId": "post_privilege_create", "tags": ["privilege"]}}, "/privilege/delete/{privilege_id}": {"parameters": [{"name": "privilege_id", "in": "path", "required": true, "type": "integer"}], "delete": {"responses": {"200": {"description": "Success"}}, "operationId": "delete_privilege_delete", "tags": ["privilege"]}}, "/privilege/fetch/all": {"get": {"responses": {"200": {"description": "Success"}}, "operationId": "get_privilege_fetch", "tags": ["privilege"]}}, "/privilege/fetch/by-id/{privilege_id}": {"parameters": [{"name": "privilege_id", "in": "path", "required": true, "type": "integer"}], "get": {"responses": {"200": {"description": "Success"}}, "operationId": "get_privilege_fetch_by_id", "tags": ["privilege"]}}, "/privilege/update": {"parameters": [{"description": "privilege ID", "name": "privilege_id", "type": "string", "in": "query"}, {"description": "privilege name", "name": "name", "type": "string", "in": "query"}], "put": {"responses": {"200": {"description": "Success"}}, "operationId": "put_privilege_update", "tags": ["privilege"]}}, "/role/create": {"parameters": [{"description": "role name", "name": "name", "type": "string", "in": "query"}, {"description": "false/true", "name": "is_active", "type": "string", "in": "query"}], "post": {"responses": {"200": {"description": "Success"}}, "operationId": "post_role_create", "tags": ["role"]}}, "/role/delete/{role_id}": {"parameters": [{"name": "role_id", "in": "path", "required": true, "type": "integer"}], "delete": {"responses": {"200": {"description": "Success"}}, "operationId": "delete_role_delete", "tags": ["role"]}}, "/role/fetch/all": {"get": {"responses": {"200": {"description": "Success"}}, "operationId": "get_role_fetch", "tags": ["role"]}}, "/role/fetch/by-id/{role_id}": {"parameters": [{"name": "role_id", "in": "path", "required": true, "type": "integer"}], "get": {"responses": {"200": {"description": "Success"}}, "operationId": "get_role_fetch_by_id", "tags": ["role"]}}, "/role/update": {"parameters": [{"description": "2", "name": "role_id", "type": "string", "in": "query"}, {"description": "role name", "name": "name", "type": "string", "in": "query"}, {"description": "false/true", "name": "is_active", "type": "string", "in": "query"}], "put": {"responses": {"200": {"description": "Success"}}, "operationId": "put_role_update", "tags": ["role"]}}, "/role_privilege/create": {"parameters": [{"description": "2", "name": "role_id", "type": "string", "in": "query"}, {"description": "1", "name": "privilege_id", "type": "string", "in": "query"}, {"description": "True", "name": "modify", "type": "string", "in": "query"}, {"description": "True", "name": "delete", "type": "string", "in": "query"}, {"description": "True", "name": "read", "type": "string", "in": "query"}, {"description": "True", "name": "write", "type": "string", "in": "query"}], "post": {"responses": {"200": {"description": "Success"}}, "operationId": "post_role_privilege_create", "tags": ["role_privilege"]}}, "/role_privilege/delete/{role_privilege_id}": {"parameters": [{"name": "role_privilege_id", "in": "path", "required": true, "type": "integer"}], "delete": {"responses": {"200": {"description": "Success"}}, "operationId": "delete_role_privilege_delete", "tags": ["role_privilege"]}}, "/role_privilege/fetch/all": {"get": {"responses": {"200": {"description": "Success"}}, "operationId": "get_role_privilege_fetch", "tags": ["role_privilege"]}}, "/role_privilege/fetch/by-id/{role_privilege_id}": {"parameters": [{"name": "role_privilege_id", "in": "path", "required": true, "type": "integer"}], "get": {"responses": {"200": {"description": "Success"}}, "operationId": "get_role_privilege_fetch_by_id", "tags": ["role_privilege"]}}, "/role_privilege/update": {"parameters": [{"description": "2", "name": "role_privilege_id", "type": "string", "in": "query"}, {"description": "2", "name": "role_id", "type": "string", "in": "query"}, {"description": "1", "name": "privilege_id", "type": "string", "in": "query"}, {"description": "True", "name": "modify", "type": "string", "in": "query"}, {"description": "True", "name": "delete", "type": "string", "in": "query"}, {"description": "True", "name": "read", "type": "string", "in": "query"}, {"description": "True", "name": "write", "type": "string", "in": "query"}], "put": {"responses": {"200": {"description": "Success"}}, "operationId": "put_role_privilege_update", "tags": ["role_privilege"]}}, "/shift/create": {"parameters": [{"description": "shift name", "name": "name", "type": "string", "in": "query"}, {"description": "0800", "name": "start_time", "type": "string", "in": "query"}, {"description": "1730", "name": "end_time", "type": "string", "in": "query"}, {"description": "2", "name": "shift_order", "type": "string", "in": "query"}], "post": {"responses": {"200": {"description": "Success"}}, "operationId": "post_shift_create", "tags": ["shift"]}}, "/shift/delete/{shift_id}": {"parameters": [{"name": "shift_id", "in": "path", "required": true, "type": "integer"}], "delete": {"responses": {"200": {"description": "Success"}}, "operationId": "delete_shift_delete", "tags": ["shift"]}}, "/shift/fetch/all": {"get": {"responses": {"200": {"description": "Success"}}, "operationId": "get_shift_fetch", "tags": ["shift"]}}, "/shift/fetch/by-id/{shift_id}": {"parameters": [{"name": "shift_id", "in": "path", "required": true, "type": "integer"}], "get": {"responses": {"200": {"description": "Success"}}, "operationId": "get_shift_fetch_by_id", "tags": ["shift"]}}, "/shift/update": {"parameters": [{"description": "1", "name": "shift_id", "type": "string", "in": "query"}, {"description": "shift name", "name": "name", "type": "string", "in": "query"}, {"description": "1200", "name": "start_time", "type": "string", "in": "query"}, {"description": "2000", "name": "end_time", "type": "string", "in": "query"}, {"description": "2", "name": "shift_order", "type": "string", "in": "query"}], "put": {"responses": {"200": {"description": "Success"}}, "operationId": "put_shift_update", "tags": ["shift"]}}, "/tenant/create": {"parameters": [{"description": "Tenant name", "name": "name", "type": "string", "in": "query"}, {"description": "", "name": "geolocation", "type": "string", "in": "query"}, {"description": "", "name": "phone_number", "type": "string", "in": "query"}, {"description": "1", "name": "admin_id", "type": "string", "in": "query"}, {"description": "", "name": "email_id", "type": "string", "in": "query"}], "post": {"responses": {"200": {"description": "Success"}}, "operationId": "post_tenant_create", "tags": ["tenant"]}}, "/tenant/delete/{tenant_id}": {"parameters": [{"name": "tenant_id", "in": "path", "required": true, "type": "integer"}], "delete": {"responses": {"200": {"description": "Success"}}, "operationId": "delete_tenant_delete", "tags": ["tenant"]}}, "/tenant/fetch/all": {"get": {"responses": {"200": {"description": "Success"}}, "operationId": "get_tenant_fetch", "tags": ["tenant"]}}, "/tenant/fetch/by-id/{tenant_id}": {"parameters": [{"name": "tenant_id", "in": "path", "required": true, "type": "integer"}], "get": {"responses": {"200": {"description": "Success"}}, "operationId": "get_tenant_fetch_by_id", "tags": ["tenant"]}}, "/tenant/update": {"parameters": [{"description": "row id", "name": "tenant_id", "type": "string", "in": "query"}, {"description": "Tenant name", "name": "name", "type": "string", "in": "query"}, {"description": "", "name": "geolocation", "type": "string", "in": "query"}, {"description": "", "name": "phone_number", "type": "string", "in": "query"}, {"description": "1", "name": "admin_id", "type": "string", "in": "query"}, {"description": "", "name": "email_id", "type": "string", "in": "query"}], "put": {"responses": {"200": {"description": "Success"}}, "operationId": "put_tenant_update", "tags": ["tenant"]}}, "/unit/create": {"parameters": [{"description": "unit name", "name": "name", "type": "string", "in": "query"}], "post": {"responses": {"200": {"description": "Success"}}, "operationId": "post_unit_create", "tags": ["unit"]}}, "/unit/delete/{unit_id}": {"parameters": [{"name": "unit_id", "in": "path", "required": true, "type": "integer"}], "delete": {"responses": {"200": {"description": "Success"}}, "operationId": "delete_unit_delete", "tags": ["unit"]}}, "/unit/fetch/all": {"get": {"responses": {"200": {"description": "Success"}}, "operationId": "get_unit_fetch", "tags": ["unit"]}}, "/unit/fetch/by-id/{unit_id}": {"parameters": [{"name": "unit_id", "in": "path", "required": true, "type": "integer"}], "get": {"responses": {"200": {"description": "Success"}}, "operationId": "get_unit_fetch_by_id", "tags": ["unit"]}}, "/unit/update": {"parameters": [{"description": "unit id", "name": "unit_id", "type": "string", "in": "query"}, {"description": "unit name", "name": "name", "type": "string", "in": "query"}], "put": {"responses": {"200": {"description": "Success"}}, "operationId": "put_unit_update", "tags": ["unit"]}}, "/user/bulk-upload": {"post": {"responses": {"200": {"description": "Success"}}, "description": "Upload a csv file with key name as file", "operationId": "post_work_force_bulk_upload_/user/bulk-upload", "tags": ["user"]}}, "/user/create": {"parameters": [{"description": "abc", "name": "name", "type": "string", "in": "query"}, {"description": "1", "name": "role_id", "type": "string", "in": "query"}, {"description": "111", "name": "emp_id", "type": "string", "in": "query"}, {"description": "+918876788722", "name": "phone_number", "type": "string", "in": "query"}, {"description": "male", "name": "gender", "type": "string", "in": "query"}, {"description": "test@example.com", "name": "email_id", "type": "string", "in": "query"}, {"description": "21", "name": "designation_id", "type": "string", "in": "query"}, {"description": "1", "name": "unit_id", "type": "string", "in": "query"}, {"description": "2", "name": "shift_id", "type": "string", "in": "query"}], "post": {"responses": {"200": {"description": "Success"}}, "operationId": "post_user_create_/user/create", "tags": ["user"]}}, "/user/delete/{user_id}": {"parameters": [{"name": "user_id", "in": "path", "required": true, "type": "integer"}], "delete": {"responses": {"200": {"description": "Success"}}, "operationId": "delete_unit_delete", "tags": ["user"]}}, "/user/fetch/all": {"get": {"responses": {"200": {"description": "Success"}}, "operationId": "get_user_fetch", "tags": ["user"]}}, "/user/fetch/all/hod-users": {"get": {"responses": {"200": {"description": "Success"}}, "operationId": "get_user_fetch", "tags": ["user"]}}, "/user/fetch/by-id/{emp_id}": {"parameters": [{"name": "emp_id", "in": "path", "required": true, "type": "string"}], "get": {"responses": {"200": {"description": "Success"}}, "operationId": "get_user_fetch_by_id", "tags": ["user"]}}, "/user/fetch/name/{emp_id}": {"parameters": [{"name": "emp_id", "in": "path", "required": true, "type": "string"}], "get": {"responses": {"200": {"description": "Success"}}, "operationId": "get_user_fetch_by_id", "tags": ["user"]}}, "/user/update": {"parameters": [{"description": "user id", "name": "user_id", "type": "string", "in": "query"}, {"description": "name", "name": "name", "type": "string", "in": "query"}, {"description": "1", "name": "role_id", "type": "string", "in": "query"}, {"description": "111", "name": "emp_id", "type": "string", "in": "query"}, {"description": "+918876788722", "name": "phone_number", "type": "string", "in": "query"}, {"description": "male", "name": "gender", "type": "string", "in": "query"}, {"description": "test@example.com", "name": "email_id", "type": "string", "in": "query"}, {"description": "21", "name": "designation_id", "type": "string", "in": "query"}, {"description": "1", "name": "unit_id", "type": "string", "in": "query"}, {"description": "2", "name": "shift_id", "type": "string", "in": "query"}, {"description": "KYE Pending/Completed/E-mail Verification Pending", "name": "status", "type": "string", "in": "query"}, {"description": "true/false", "name": "is_active", "type": "string", "in": "query"}], "put": {"responses": {"200": {"description": "Success"}}, "operationId": "put_user_update", "tags": ["user"]}}, "/user/upload-image": {"parameters": [{"description": "user ID", "name": "user_id", "type": "string", "in": "query"}], "put": {"responses": {"200": {"description": "Success"}}, "description": "List of multipart user images and user id as json_data variable", "operationId": "put_user_upload_image_/user/upload-image", "tags": ["user"]}}, "/user_tab/create": {"parameters": [{"description": "Tab name", "name": "name", "type": "string", "in": "query"}, {"description": "ID", "name": "user_id", "type": "string", "in": "query"}, {"description": "[1,2,3]", "name": "zone_ids", "type": "string", "in": "query"}], "post": {"responses": {"200": {"description": "Success"}}, "operationId": "post_user_tab_create", "tags": ["user_tab"]}}, "/user_tab/delete/{user_tab_id}": {"parameters": [{"name": "user_tab_id", "in": "path", "required": true, "type": "integer"}], "delete": {"responses": {"200": {"description": "Success"}}, "operationId": "delete_user_tab_delete", "tags": ["user_tab"]}}, "/user_tab/fetch/all": {"get": {"responses": {"200": {"description": "Success"}}, "operationId": "get_user_tab_fetch", "tags": ["user_tab"]}}, "/user_tab/fetch/by-id/{tab_id}": {"parameters": [{"name": "tab_id", "in": "path", "required": true, "type": "integer"}], "get": {"responses": {"200": {"description": "Success"}}, "operationId": "get_user_tab_zone_fetch", "tags": ["user_tab"]}}, "/user_tab/update": {"parameters": [{"description": "row id", "name": "user_tab_id", "type": "string", "in": "query"}, {"description": "UserTab name", "name": "name", "type": "string", "in": "query"}, {"description": "ID", "name": "user_id", "type": "string", "in": "query"}, {"description": "[1,2,3]", "name": "zone_ids", "type": "string", "in": "query"}], "put": {"responses": {"200": {"description": "Success"}}, "operationId": "put_user_tab_update", "tags": ["user_tab"]}}, "/vehicle/create": {"parameters": [{"description": "Vehicle register number", "name": "reg_no", "type": "string", "in": "query"}, {"description": "", "name": "driver_name", "type": "string", "in": "query"}, {"description": "", "name": "driver_ph_num", "type": "string", "in": "query"}, {"description": "name", "name": "contractor_name", "type": "string", "in": "query"}, {"description": "name", "name": "vehicle_owner", "type": "string", "in": "query"}, {"description": "1", "name": "unit_id", "type": "string", "in": "query"}], "post": {"responses": {"200": {"description": "Success"}}, "operationId": "post_vehicle_create", "tags": ["vehicle"]}}, "/vehicle/delete/{vehicle_id}": {"parameters": [{"name": "vehicle_id", "in": "path", "required": true, "type": "integer"}], "delete": {"responses": {"200": {"description": "Success"}}, "operationId": "delete_vehicle_delete", "tags": ["vehicle"]}}, "/vehicle/fetch/all": {"get": {"responses": {"200": {"description": "Success"}}, "operationId": "get_vehicle_fetch", "tags": ["vehicle"]}}, "/vehicle/fetch/by-id/{vehicle_id}": {"parameters": [{"name": "vehicle_id", "in": "path", "required": true, "type": "integer"}], "get": {"responses": {"200": {"description": "Success"}}, "operationId": "get_vehicle_fetch_by_id", "tags": ["vehicle"]}}, "/vehicle/update": {"parameters": [{"description": "row id", "name": "vehicle_id", "type": "string", "in": "query"}, {"description": "Vehicle register number", "name": "reg_no", "type": "string", "in": "query"}, {"description": "", "name": "driver_name", "type": "string", "in": "query"}, {"description": "", "name": "driver_ph_num", "type": "string", "in": "query"}, {"description": "name", "name": "contractor_name", "type": "string", "in": "query"}, {"description": "name", "name": "vehicle_owner", "type": "string", "in": "query"}, {"description": "1", "name": "unit_id", "type": "string", "in": "query"}], "put": {"responses": {"200": {"description": "Success"}}, "operationId": "put_vehicle_update", "tags": ["vehicle"]}}, "/vehicle_master/create": {"parameters": [{"description": "registration number", "name": "reg_no", "type": "string", "in": "query"}, {"description": "name", "name": "driver_name", "type": "string", "in": "query"}, {"description": "1", "name": "unit_id", "type": "string", "in": "query"}, {"description": "vehicle master description", "name": "description", "type": "string", "in": "query"}, {"description": "epoch time with milliseconds", "name": "in_time", "type": "string", "in": "query"}, {"description": "name", "name": "contractor_name", "type": "string", "in": "query"}, {"description": "owner name", "name": "vehicle_owner", "type": "string", "in": "query"}], "post": {"responses": {"200": {"description": "Success"}}, "operationId": "post_vehicle_master_create", "tags": ["vehicle_master"]}}, "/vehicle_master/delete/{vehicle_master_id}": {"parameters": [{"name": "vehicle_master_id", "in": "path", "required": true, "type": "integer"}], "delete": {"responses": {"200": {"description": "Success"}}, "operationId": "delete_vehicle_master_delete", "tags": ["vehicle_master"]}}, "/vehicle_master/exit/{reg_no}": {"parameters": [{"name": "reg_no", "in": "path", "required": true, "type": "string"}], "get": {"responses": {"200": {"description": "Success"}}, "operationId": "get_employee_master_out_time", "tags": ["vehicle_master"]}}, "/vehicle_master/fetch/all": {"get": {"responses": {"200": {"description": "Success"}}, "operationId": "get_vehicle_master_fetch", "tags": ["vehicle_master"]}}, "/vehicle_master/fetch/by-id/{vehicle_master_id}": {"parameters": [{"name": "vehicle_master_id", "in": "path", "required": true, "type": "integer"}], "get": {"responses": {"200": {"description": "Success"}}, "operationId": "get_vehicle_master_fetch_by_id", "tags": ["vehicle_master"]}}, "/vehicle_master/update": {"parameters": [{"description": "1", "name": "vehicle_master_id", "type": "string", "in": "query"}, {"description": "registration number", "name": "reg_no", "type": "string", "in": "query"}, {"description": "name", "name": "driver_name", "type": "string", "in": "query"}, {"description": "1", "name": "unit_id", "type": "string", "in": "query"}, {"description": "vehicle master description", "name": "description", "type": "string", "in": "query"}, {"description": "name", "name": "contractor_name", "type": "string", "in": "query"}, {"description": "owner name", "name": "vehicle_owner", "type": "string", "in": "query"}], "put": {"responses": {"200": {"description": "Success"}}, "operationId": "put_vehicle_master_update", "tags": ["vehicle_master"]}}, "/wip/create": {"parameters": [{"description": "wip name", "name": "name", "type": "string", "in": "query"}, {"description": "valid zone id", "name": "zone_id", "type": "string", "in": "query"}, {"description": "1", "name": "equipment_id", "type": "string", "in": "query"}, {"description": "reason for the wip creation", "name": "purpose", "type": "string", "in": "query"}, {"description": "epoch time with milliseconds", "name": "start_time", "type": "string", "in": "query"}, {"description": "epoch time with milliseconds", "name": "end_time", "type": "string", "in": "query"}, {"description": "true/false", "name": "send_alert", "type": "string", "in": "query"}], "post": {"responses": {"200": {"description": "Success"}}, "operationId": "post_wip_create", "tags": ["wip"]}}, "/wip/delete/{wip_id}": {"parameters": [{"name": "wip_id", "in": "path", "required": true, "type": "integer"}], "delete": {"responses": {"200": {"description": "Success"}}, "operationId": "delete_wip_delete", "tags": ["wip"]}}, "/wip/fetch/all": {"get": {"responses": {"200": {"description": "Success"}}, "operationId": "get_wip_fetch", "tags": ["wip"]}}, "/wip/fetch/by-id/{wip_id}": {"parameters": [{"name": "wip_id", "in": "path", "required": true, "type": "integer"}], "get": {"responses": {"200": {"description": "Success"}}, "operationId": "get_wip_fetch_by_id", "tags": ["wip"]}}, "/wip/fetch/by-zone-id/{zone_id}": {"parameters": [{"name": "zone_id", "in": "path", "required": true, "type": "integer"}], "get": {"responses": {"200": {"description": "Success"}}, "operationId": "get_wip_fetch_by_id", "tags": ["wip"]}}, "/wip/update": {"parameters": [{"description": "wip id", "name": "wip_id", "type": "string", "in": "query"}, {"description": "wip name", "name": "name", "type": "string", "in": "query"}, {"description": "valid zone id", "name": "zone_id", "type": "string", "in": "query"}, {"description": "1", "name": "equipment_id", "type": "string", "in": "query"}, {"description": "reason for the wip creation", "name": "purpose", "type": "string", "in": "query"}, {"description": "epoch time with milliseconds", "name": "start_time", "type": "string", "in": "query"}, {"description": "epoch time with milliseconds", "name": "end_time", "type": "string", "in": "query"}, {"description": "true/false", "name": "send_alert", "type": "string", "in": "query"}], "put": {"responses": {"200": {"description": "Success"}}, "operationId": "put_wip_update", "tags": ["wip"]}}, "/work_force/bulk-upload": {"post": {"responses": {"200": {"description": "Success"}}, "description": "Upload a csv file with key name as file", "operationId": "post_work_force_bulk_upload_/work_force/bulk-upload", "tags": ["work_force"]}}, "/work_force/create": {"parameters": [{"description": "unique employee ID", "name": "emp_id", "type": "string", "in": "query"}, {"description": "8765567651", "name": "phone_number", "type": "string", "in": "query"}, {"description": "1", "name": "unit_id", "type": "string", "in": "query"}, {"description": "1", "name": "designation_id", "type": "string", "in": "query"}, {"description": "Employee name", "name": "name", "type": "string", "in": "query"}, {"description": "abc", "name": "contractor_name", "type": "string", "in": "query"}, {"description": "male/female", "name": "gender", "type": "string", "in": "query"}, {"description": "6789876543", "name": "contractor_phone_number", "type": "string", "in": "query"}, {"description": "", "name": "emp_type", "type": "string", "in": "query"}], "post": {"responses": {"200": {"description": "Success"}}, "operationId": "post_work_force_create", "tags": ["work_force"]}}, "/work_force/delete/{work_force_id}": {"parameters": [{"name": "work_force_id", "in": "path", "required": true, "type": "integer"}], "delete": {"responses": {"200": {"description": "Success"}}, "operationId": "delete_work_force_delete", "tags": ["work_force"]}}, "/work_force/fetch/all": {"get": {"responses": {"200": {"description": "Success"}}, "operationId": "get_work_force_fetch", "tags": ["work_force"]}}, "/work_force/fetch/by-id/{des_id}": {"parameters": [{"name": "des_id", "in": "path", "required": true, "type": "integer"}], "get": {"responses": {"200": {"description": "Success"}}, "operationId": "get_work_force_fetch_by_id", "tags": ["work_force"]}}, "/work_force/update": {"parameters": [{"description": "employee ID", "name": "emp_id", "type": "string", "in": "query"}, {"description": "", "name": "phone_number", "type": "string", "in": "query"}, {"description": "", "name": "unit_id", "type": "string", "in": "query"}, {"description": "", "name": "designation_id", "type": "string", "in": "query"}, {"description": "name", "name": "name", "type": "string", "in": "query"}, {"description": "", "name": "contractor_name", "type": "string", "in": "query"}, {"description": "male/ female", "name": "gender", "type": "string", "in": "query"}, {"description": "", "name": "contractor_phone_number", "type": "string", "in": "query"}, {"description": "", "name": "emp_type", "type": "string", "in": "query"}], "put": {"responses": {"200": {"description": "Success"}}, "operationId": "put_work_force_update", "tags": ["work_force"]}}, "/work_force/upload-image": {"parameters": [{"description": "work force ID", "name": "work_force_id", "type": "string", "in": "query"}], "put": {"responses": {"200": {"description": "Success"}}, "description": "List of multipart work force user images", "operationId": "put_work_force_upload_image_/work_force/upload-image", "tags": ["work_force"]}}, "/zone/activity-rule-map": {"parameters": [{"description": "1234", "name": "zone_id", "type": "string", "in": "query"}], "post": {"responses": {"200": {"description": "Success"}}, "operationId": "post_zone_activity_rule", "tags": ["zone"]}}, "/zone/camera-map": {"parameters": [{"description": "1", "name": "zone_id", "type": "string", "in": "query"}, {"description": "[2, 3, 4, 5]", "name": "camera_id", "type": "string", "in": "query"}, {"description": "2", "name": "default_camera_id", "type": "string", "in": "query"}], "post": {"responses": {"200": {"description": "Success"}}, "operationId": "post_zone_camera_create", "tags": ["zone"]}}, "/zone/create/zone-code": {"get": {"responses": {"200": {"description": "Success"}}, "description": "creates a new row with unique zone code", "operationId": "get_zone_create_/zone/create/zone-code", "tags": ["zone"]}}, "/zone/delete/{zone_id}": {"parameters": [{"name": "zone_id", "in": "path", "required": true, "type": "integer"}]}, "/zone/fetch/activity-names/{zone_id}": {"parameters": [{"name": "zone_id", "in": "path", "required": true, "type": "integer"}], "get": {"responses": {"200": {"description": "Success"}}, "operationId": "get_zone_activity_names", "tags": ["zone"]}}, "/zone/fetch/all": {"get": {"responses": {"200": {"description": "Success"}}, "operationId": "get_zone_fetch", "tags": ["zone"]}}, "/zone/fetch/by-id/{zone_id}": {"parameters": [{"name": "zone_id", "in": "path", "required": true, "type": "integer"}], "get": {"responses": {"200": {"description": "Success"}}, "operationId": "get_zone_fetch_by_id", "tags": ["zone"]}}, "/zone/update": {"parameters": [{"description": "zone id", "name": "zone_id", "type": "string", "in": "query"}, {"description": "zone name", "name": "name", "type": "string", "in": "query"}, {"description": " unit ID", "name": "unit_id", "type": "string", "in": "query"}, {"description": "list of shift ids", "name": "shift_ids", "type": "string", "in": "query"}, {"description": "1", "name": "parent_zone_id", "type": "string", "in": "query"}, {"description": "user with HOD designation", "name": "hod_user_id", "type": "string", "in": "query"}, {"description": "high/medium/low", "name": "severity", "type": "string", "in": "query"}], "put": {"responses": {"200": {"description": "Success"}}, "operationId": "put_zone_update", "tags": ["zone"]}}, "/zone/upload/map": {"post": {"responses": {"200": {"description": "Success"}}, "description": "Multipart image input required", "operationId": "post_zone_upload_map_/zone/upload/map", "tags": ["zone"]}}, "/zone_camera/delete/{zone_camera_id}": {"parameters": [{"name": "zone_camera_id", "in": "path", "required": true, "type": "integer"}]}, "/zone_camera/fetch-cameras/{zone_id}": {"parameters": [{"name": "zone_id", "in": "path", "required": true, "type": "integer"}], "get": {"responses": {"200": {"description": "Success"}}, "operationId": "get_zone_cameras", "tags": ["zone_camera"]}}, "/zone_camera/fetch/all": {"get": {"responses": {"200": {"description": "Success"}}, "operationId": "get_zone_camera_fetch", "tags": ["zone_camera"]}}, "/zone_camera/fetch/by-id/{zone_camera_id}": {"parameters": [{"name": "zone_camera_id", "in": "path", "required": true, "type": "integer"}], "get": {"responses": {"200": {"description": "Success"}}, "operationId": "get_zone_camera_fetch_by_id", "tags": ["zone_camera"]}}, "/zone_camera/update": {"parameters": [{"description": "row id", "name": "zone_camera_id", "type": "string", "in": "query"}, {"description": "2", "name": "zone_id", "type": "string", "in": "query"}, {"description": "3", "name": "camera_id", "type": "string", "in": "query"}, {"description": "true/false", "name": "is_default", "type": "string", "in": "query"}], "put": {"responses": {"200": {"description": "Success"}}, "operationId": "put_zone_camera_update", "tags": ["zone_camera"]}}, "/zone_supervisor/create": {"parameters": [{"description": "zone ID", "name": "zone_id", "type": "string", "in": "query"}, {"description": "supervisor ID", "name": "supervisor_id", "type": "string", "in": "query"}, {"description": "1", "name": "shift_id", "type": "string", "in": "query"}], "post": {"responses": {"200": {"description": "Success"}}, "operationId": "post_zone_supervisor_create", "tags": ["zone_supervisor"]}}, "/zone_supervisor/delete/{zone_supervisor_id}": {"parameters": [{"name": "zone_supervisor_id", "in": "path", "required": true, "type": "integer"}]}, "/zone_supervisor/fetch/all": {"get": {"responses": {"200": {"description": "Success"}}, "operationId": "get_zone_supervisor_fetch", "tags": ["zone_supervisor"]}}, "/zone_supervisor/fetch/by-id/{zone_supervisor_id}": {"parameters": [{"name": "zone_supervisor_id", "in": "path", "required": true, "type": "integer"}], "get": {"responses": {"200": {"description": "Success"}}, "operationId": "get_zone_supervisor_fetch_by_id", "tags": ["zone_supervisor"]}}, "/zone_supervisor/update": {"parameters": [{"description": "row id", "name": "zone_supervisor_id", "type": "string", "in": "query"}, {"description": "zone ID", "name": "zone_id", "type": "string", "in": "query"}, {"description": "supervisor ID", "name": "supervisor_id", "type": "string", "in": "query"}, {"description": "1", "name": "shift_id", "type": "string", "in": "query"}], "put": {"responses": {"200": {"description": "Success"}}, "operationId": "put_zone_supervisor_update", "tags": ["zone_supervisor"]}}}, "info": {"title": "Shark", "version": "1.0", "description": "APIs"}, "produces": ["application/json"], "consumes": ["application/json"], "tags": [{"name": "activity", "description": "Activity operations"}, {"name": "activity_rule", "description": "ActivityRule operations"}, {"name": "activity_rule_user", "description": "ActivityRuleUser operations"}, {"name": "camera", "description": "Camera operations"}, {"name": "custom_notification", "description": "CustomNotification operations"}, {"name": "designation", "description": "Designation operations"}, {"name": "employee_master", "description": "EmployeeMaster operations"}, {"name": "equipment", "description": "Equipment operations"}, {"name": "notification", "description": "Notification operations"}, {"name": "notification_group", "description": "NotificationGroup operations"}, {"name": "notification_status", "description": "NotificationStatus operations"}, {"name": "notification_user", "description": "NotificationUser operations"}, {"name": "privilege", "description": "Privilege operations"}, {"name": "role", "description": "Role operations"}, {"name": "role_privilege", "description": "RolePrivilege operations"}, {"name": "shift", "description": "Shift operations"}, {"name": "tenant", "description": "Tenant operations"}, {"name": "unit", "description": "Unit operations"}, {"name": "user", "description": "User operations"}, {"name": "user_tab", "description": "UserTab operations"}, {"name": "vehicle", "description": "Vehicle operations"}, {"name": "vehicle_master", "description": "VehicleMaster operations"}, {"name": "wip", "description": "WIP operations"}, {"name": "work_force", "description": "WorkForce operations"}, {"name": "zone", "description": "Zone operations"}, {"name": "zone_camera", "description": "ZoneCamera operations"}, {"name": "zone_supervisor", "description": "ZoneSupervisor operations"}], "responses": {"ParseError": {"description": "When a mask can't be parsed"}, "MaskError": {"description": "When any error occurs on mask"}}}